name,dateOfBirth,age,username,password,role,createDate
Do Van Tu,03/09/1994,22,dovantu,wMRtTDD9,ADMIN,15/12/2024
Dang Van Giang,09/09/1984,59,dangvangiang,OABBo1Aa,USER,01/11/2024
Ngo Thi Hien,09/06/1988,35,ngothihien,3ZMvn0cJ,ADMIN,17/07/2024
Vu Van Hieu,09/12/1977,33,vuvanhieu,KGnrsuQL,USER,15/07/2024
Ngo Thi Hoa,07/07/2003,49,ngothihoa,l9RVHYZB,ADMIN,05/05/2024
Bui Thi Phuong,13/02/2004,31,buithiphuong,LpCFWzBg,USER,15/02/2024
Dang Thi Quyen,01/07/1987,48,dangthiquyen,PnMrmWQi,ADMIN,04/04/2024
Ngo Thi Hoang,08/04/2002,39,ngothihoang,pkTDmkBv,USER,03/08/2024
Ngo Van Quoc,15/04/1975,32,ngovanquoc,JYIBO2Td,ADMIN,31/03/2024
Bui Thi Ha,03/12/1976,52,buithiha,09AbLLDR,USER,31/03/2024
Tran Van Khanh,19/05/1996,43,tranvankhanh,m31HVvWk,USER,24/05/2024
Do Thi Lan,04/03/1983,20,dothilan,Y7q7yOgH,USER,05/06/2024
Tran Van Lam,23/01/1971,21,tranvanlam,Qr96U3jh,USER,13/09/2024
Dang Thi Quynh,24/05/1980,24,dangthiquynh,vQiLaGcC,USER,14/08/2024
Hoang Thi Oanh,25/09/1980,57,hoangthioanh,Bx44J9iB,USER,31/10/2024
Nguyen Van An,05/07/1980,32,nguyenvanan,9c6mtLep,ADMIN,24/05/2024
Nguyen Van Bao,20/10/1991,31,nguyenvanbao,qL5mEIVe,USER,19/04/2024
Nguyen Van Cuong,02/04/1998,36,nguyenvancuong,PjSnqyUH,ADMIN,17/06/2024
Ngo Thi Huong,24/06/1990,23,ngothihuong,ELmDfSag,USER,09/02/2024
Nguyen Thi Hoa,05/03/1994,28,nguyenthihhoa,L5mEIABc,USER,11/11/2024
Tran Van Minh,19/04/1985,38,tranvanminh,aKHy9WVk,USER,02/02/2024
Le Thi Thanh,23/08/1980,43,lethithanh,HJc94RmV,ADMIN,17/03/2024
Hoang Van Nam,11/12/1989,34,hoangvannam,qLMkWUJV,USER,13/01/2024
Ngo Van Son,25/06/1990,30,ngovanson,pTMEAH1W,USER,20/04/2024
Bui Thi Anh,14/05/1987,31,buithianh,w23nUy9J,USER,10/07/2024
Dang Thi Mai,09/09/1992,33,dangthimai,kT9UVy5D,ADMIN,05/08/2024
Nguyen Van Loc,08/01/1995,28,nguyenvanloc,UQ7nMI54,USER,18/09/2024
Tran Thi Thao,15/07/1993,29,tranthithao,MkEHy67D,USER,12/05/2024
Le Van Khoa,13/03/1986,35,levankhoa,RyHnM89J,ADMIN,19/11/2024
Vu Thi Yen,22/09/1994,29,vuthiyen,Ao29HY6M,USER,21/10/2024
Do Thi Thuy,03/04/1998,25,dothithuy,Mp23Ay67,USER,11/12/2024
Nguyen Thi Lien,25/05/1992,32,nguyenthilien,WJHy57Lk,USER,02/07/2024
Le Van Binh,15/01/1990,33,levanbinh,PkU67MEq,ADMIN,18/06/2024
Ngo Thi Van,12/12/1993,29,ngothivan,OqP6M57L,USER,25/04/2024
Bui Van Cuong,22/10/1989,34,buivancuong,PLm57UEO,USER,04/02/2024
Tran Thi Lan,17/11/1990,33,tranthilan,MUEy9R6L,ADMIN,29/03/2024
Vu Van Hoang,08/08/1984,39,vuvanhoang,JYUM7P9E,USER,27/06/2024
Le Thi Hoa,18/06/1986,37,lethihoa,Rt6UMJP9,USER,14/05/2024
Dang Van An,14/02/1993,30,dangvanan,MK7yU96E,USER,11/01/2024
Nguyen Van Son,19/03/1987,36,nguyenvanson,YW5JUKLM,ADMIN,07/12/2024
Ngo Thi Thu,27/05/1995,28,ngothithu,MtUP96JE,USER,05/09/2024
Le Van Quan,09/09/1991,32,levanquan,RyMKU87P,USER,24/08/2024
Hoang Van Vu,01/12/1994,29,hoangvanvu,AQKMPJ6Y,USER,22/07/2024
Tran Van Hai,18/11/1988,35,tranvanhai,MJ5RUY9E,USER,02/10/2024
Ngo Van Kiet,22/08/1985,38,ngovankiet,PKQ79UME,ADMIN,12/11/2024